code,episode_start,max_gain_pct,peak_signal_date,search_window_from,search_window_to,code4_searchable
219A0,20250701,35.7,20250702,20250602,20250630,new-style
25860,20250701,47.7,20250702,20250602,20250630,yes
27260,20250701,45.9,20250708,20250602,20250630,yes
341A0,20250701,42.9,20250707,20250602,20250630,new-style
34980,20250701,33.1,20250703,20250602,20250630,yes
39050,20250701,117.6,20250702,20250602,20250630,yes
45060,20250701,46.6,20250702,20250602,20250630,yes
45520,20250701,40.4,20250701,20250602,20250630,yes
45930,20250701,57.9,20250702,20250602,20250630,yes
48890,20250701,68.9,20250702,20250602,20250630,yes
49350,20250701,116.8,20250703,20250602,20250630,yes
55970,20250701,61.9,20250707,20250602,20250630,yes
58030,20250702,58.9,20250714,20250603,20250701,yes
52550,20250703,71.9,20250707,20250604,20250702,yes
52620,20250704,48.6,20250806,20250605,20250703,yes
57060,20250704,74.0,20250718,20250605,20250703,yes
69460,20250704,33.9,20250704,20250605,20250703,yes
58010,20250707,40.2,20250707,20250606,20250704,yes
65040,20250707,44.9,20250718,20250606,20250704,yes
77770,20250707,33.0,20250707,20250606,20250704,yes
70030,20250709,48.1,20250716,20250610,20250708,yes
95090,20250710,52.3,20250716,20250611,20250709,yes
60160,20250711,49.5,20250718,20250612,20250710,yes
95010,20250711,40.6,20250716,20250612,20250710,yes
99840,20250711,58.1,20250716,20250612,20250710,yes
51010,20250714,33.4,20250714,20250613,20250711,yes
63680,20250714,31.0,20250714,20250613,20250711,yes
67530,20250714,36.7,20250715,20250613,20250711,yes
58380,20250715,34.6,20250717,20250616,20250714,yes
90640,20250715,32.1,20250722,20250616,20250714,yes
39940,20250716,34.2,20250718,20250617,20250715,yes
75500,20250716,33.3,20250716,20250617,20250715,yes
81360,20250716,38.3,20250717,20250617,20250715,yes
276A0,20250717,53.3,20250718,20250618,20250716,new-style
50160,20250717,62.6,20250804,20250618,20250716,yes
57210,20250717,154.8,20250813,20250618,20250716,yes
62540,20250717,41.3,20250717,20250618,20250716,yes
325A0,20250718,37.2,20250730,20250619,20250717,new-style
65730,20250722,31.5,20250723,20250620,20250718,yes
67870,20250725,33.5,20250730,20250625,20250724,yes
68140,20250725,32.6,20250804,20250625,20250724,yes
247A0,20250729,38.3,20250812,20250627,20250728,new-style
57260,20250729,69.9,20250801,20250627,20250728,yes
54820,20250730,30.7,20250730,20250630,20250729,yes
57270,20250731,30.2,20250731,20250701,20250730,yes
218A0,20250801,40.3,20250822,20250702,20250731,new-style
23340,20250801,119.4,20250805,20250702,20250731,yes
72730,20250801,70.3,20250805,20250702,20250731,yes
87460,20250801,76.7,20250804,20250702,20250731,yes
27430,20250805,42.6,20250807,20250704,20250804,yes
285A0,20250807,140.7,20250904,20250708,20250806,new-style
155A0,20250808,42.8,20250808,20250709,20250807,new-style
31100,20250818,33.4,20250818,20250716,20250815,yes
67400,20250819,76.5,20250819,20250717,20250818,yes
40040,20250820,56.7,20250904,20250718,20250819,yes
65250,20250820,84.5,20250904,20250718,20250819,yes
68570,20250820,59.7,20250904,20250718,20250819,yes
68710,20250820,56.8,20250904,20250718,20250819,yes
63150,20250821,46.0,20250822,20250722,20250820,yes
65900,20250821,65.3,20250916,20250722,20250820,yes
77310,20250821,31.3,20250821,20250722,20250820,yes
69200,20250822,53.8,20251003,20250723,20250821,yes
80350,20250822,52.2,20250904,20250723,20250821,yes
21580,20250825,42.2,20250827,20250724,20250822,yes
82330,20250826,30.3,20250826,20250725,20250825,yes
34360,20250902,41.6,20250904,20250801,20250901,yes
40620,20250902,59.7,20251002,20250801,20250901,yes
61460,20250902,42.2,20250909,20250801,20250901,yes
63230,20250902,50.7,20250904,20250801,20250901,yes
77290,20250902,36.1,20250904,20250801,20250901,yes
77350,20250902,38.5,20250904,20250801,20250901,yes
99840,20250903,51.3,20250909,20250804,20250902,yes
45920,20250903,57.7,20250910,20250804,20250902,yes
59850,20250903,34.8,20250909,20250804,20250902,yes
36920,20250904,74.7,20250918,20250805,20250903,yes
65060,20250904,44.3,20250926,20250805,20250903,yes
65070,20250904,44.4,20250904,20250805,20250903,yes
70130,20250904,36.6,20250908,20250805,20250903,yes
58030,20250909,49.6,20251002,20250808,20250908,yes
68140,20250909,73.5,20250922,20250808,20250908,yes
45860,20250909,55.8,20250924,20250808,20250908,yes
63240,20250909,34.9,20250909,20250808,20250908,yes
63610,20250909,30.1,20250909,20250808,20250908,yes
63300,20250918,91.8,20250924,20250819,20250917,yes
82670,20250922,39.1,20251002,20250821,20250919,yes
338A0,20250924,39.3,20250924,20250822,20250922,new-style
70140,20250924,67.5,20251002,20250822,20250922,yes
70030,20250926,52.7,20251002,20250826,20250925,yes
61770,20250926,32.5,20250926,20250826,20250925,yes
77210,20250926,38.3,20251002,20250826,20250925,yes
37470,20250929,39.4,20250929,20250827,20250926,yes
31100,20251001,105.4,20251022,20250829,20250930,yes
59910,20251001,33.7,20251001,20250829,20250930,yes
77110,20251001,90.6,20251003,20250829,20250930,yes
77460,20251001,83.0,20251002,20250829,20250930,yes
247A0,20251002,36.4,20251002,20250901,20251001,new-style
58020,20251002,46.6,20251017,20250901,20251001,yes
65010,20251002,36.4,20251002,20250901,20251001,yes
65260,20251002,30.7,20251002,20250901,20251001,yes
69760,20251002,30.2,20251003,20250901,20251001,yes
70120,20251002,32.3,20251002,20250901,20251001,yes
97190,20251002,36.1,20251017,20250901,20251001,yes
39050,20251008,86.9,20251010,20250905,20251007,yes
26730,20251008,42.7,20251009,20250905,20251007,yes
81050,20251009,97.0,20251014,20250908,20251008,yes
23340,20251010,68.5,20251017,20250909,20251009,yes
62690,20251010,88.0,20251017,20250909,20251009,yes
41070,20251014,32.7,20251017,20250910,20251010,yes
41860,20251014,31.5,20251017,20250910,20251010,yes
45060,20251015,65.1,20251029,20250911,20251014,yes
49800,20251015,49.8,20251017,20250911,20251014,yes
58050,20251015,55.8,20251017,20250911,20251014,yes
59850,20251017,46.6,20251020,20250916,20251016,yes
18030,20251028,35.8,20251029,20250926,20251027,yes
23150,20251028,36.3,20251029,20250926,20251027,yes
67540,20251028,30.4,20251029,20250926,20251027,yes
79110,20251028,36.2,20251029,20250926,20251027,yes
31970,20251029,34.3,20251031,20250929,20251028,yes
94120,20251029,32.2,20251029,20250929,20251028,yes
45880,20251104,163.3,20251217,20251002,20251031,yes
68340,20251104,44.9,20251104,20251002,20251031,yes
63240,20251105,45.8,20251118,20251003,20251104,yes
36560,20251107,72.1,20251114,20251007,20251106,yes
43850,20251107,32.4,20251107,20251007,20251106,yes
77470,20251111,31.1,20251111,20251009,20251110,yes
290A0,20251114,42.4,20251114,20251015,20251113,new-style
247A0,20251120,32.7,20251209,20251021,20251119,new-style
65250,20251121,48.9,20251219,20251022,20251120,yes
57130,20251126,53.5,20251226,20251024,20251125,yes
141A0,20251127,35.1,20251128,20251027,20251126,new-style
41070,20251201,69.2,20260108,20251029,20251128,yes
446A0,20251201,42.9,20251202,20251029,20251128,new-style
63300,20251203,212.3,20251212,20251031,20251202,yes
63660,20251203,100.3,20260114,20251031,20251202,yes
69930,20251203,155.9,20251224,20251031,20251202,yes
77460,20251204,342.4,20251222,20251104,20251203,yes
57140,20251204,36.9,20251216,20251104,20251203,yes
285A0,20251205,100.1,20251229,20251105,20251204,new-style
33500,20251205,44.0,20251211,20251105,20251204,yes
45700,20251205,31.5,20251205,20251105,20251204,yes
52020,20251205,36.8,20251219,20251105,20251204,yes
57240,20251205,131.2,20251216,20251105,20251204,yes
40820,20251208,261.6,20251216,20251106,20251205,yes
63230,20251210,78.4,20251218,20251110,20251209,yes
16620,20251210,50.5,20251211,20251110,20251209,yes
31030,20251210,203.3,20260202,20251110,20251209,yes
50160,20251211,69.7,20260130,20251111,20251210,yes
57260,20251211,40.4,20251211,20251111,20251210,yes
63150,20251211,62.8,20251216,20251111,20251210,yes
65900,20251211,64.7,20251219,20251111,20251210,yes
18850,20251211,37.3,20260109,20251111,20251210,yes
52430,20251211,110.1,20251218,20251111,20251210,yes
54710,20251211,36.9,20251211,20251111,20251210,yes
57110,20251211,33.2,20251211,20251111,20251210,yes
64070,20251211,49.4,20251216,20251111,20251210,yes
68710,20251212,49.9,20260126,20251112,20251211,yes
80350,20251212,36.2,20251219,20251112,20251211,yes
36920,20251212,44.7,20251216,20251112,20251211,yes
77110,20251212,45.7,20260108,20251112,20251211,yes
186A0,20251212,69.9,20251216,20251112,20251211,new-style
63680,20251215,33.2,20251219,20251113,20251212,yes
62540,20251215,40.3,20251216,20251113,20251212,yes
40620,20251215,49.1,20251218,20251113,20251212,yes
77350,20251215,54.1,20251219,20251113,20251212,yes
57060,20251216,37.0,20251216,20251114,20251215,yes
31100,20251216,76.2,20260126,20251114,20251215,yes
40040,20251216,48.7,20260114,20251114,20251215,yes
61460,20251216,53.3,20251219,20251114,20251215,yes
70140,20251216,31.4,20251216,20251114,20251215,yes
77210,20251216,36.9,20251218,20251114,20251215,yes
25860,20251217,33.1,20251217,20251117,20251216,yes
38530,20251217,56.9,20251224,20251117,20251216,yes
58010,20251218,123.7,20260126,20251118,20251217,yes
69200,20251218,35.8,20251219,20251118,20251217,yes
70130,20251218,33.4,20251218,20251118,20251217,yes
63610,20251218,41.7,20251218,20251118,20251217,yes
70120,20251218,44.0,20260128,20251118,20251217,yes
34360,20251219,34.1,20251219,20251119,20251218,yes
77290,20251219,37.0,20260114,20251119,20251218,yes
43690,20251219,32.7,20251219,20251119,20251218,yes
68550,20251219,32.1,20251219,20251119,20251218,yes
68900,20251219,38.6,20251224,20251119,20251218,yes
68570,20251226,35.1,20260109,20251127,20251225,yes
45930,20260105,44.5,20260106,20251202,20251230,yes
67870,20260105,131.6,20260126,20251202,20251230,yes
82330,20260105,30.0,20260105,20251202,20251230,yes
198A0,20260105,51.7,20260105,20251202,20251230,new-style
57070,20260105,59.0,20260105,20251202,20251230,yes
63010,20260105,44.5,20260114,20251202,20251230,yes
64330,20260106,120.9,20260113,20251203,20260105,yes
77770,20260107,62.7,20260209,20251204,20260106,yes
68340,20260108,114.4,20260121,20251205,20260107,yes
69410,20260108,53.3,20260108,20251205,20260107,yes
83540,20260108,32.7,20260109,20251205,20260107,yes
58020,20260109,63.7,20260126,20251208,20260108,yes
41860,20260109,45.2,20260121,20251208,20260108,yes
94120,20260109,35.9,20260128,20251208,20260108,yes
13320,20260109,34.0,20260109,20251208,20260108,yes
28020,20260109,46.9,20260128,20251208,20260108,yes
53320,20260109,30.3,20260109,20251208,20260108,yes
67230,20260109,30.4,20260109,20251208,20260108,yes
71820,20260109,31.2,20260109,20251208,20260108,yes
80580,20260109,32.0,20260126,20251208,20260108,yes
58030,20260113,49.5,20260127,20251209,20260109,yes
44250,20260113,70.6,20260119,20251209,20260109,yes
57410,20260113,50.2,20260114,20251209,20260109,yes
62780,20260113,62.1,20260129,20251209,20260109,yes
63020,20260113,32.7,20260113,20251209,20260109,yes
58380,20260114,30.3,20260114,20251210,20260113,yes
41820,20260114,62.7,20260130,20251210,20260113,yes
57150,20260114,33.7,20260114,20251210,20260113,yes
58300,20260114,31.2,20260121,20251210,20260113,yes
63260,20260114,38.2,20260128,20251210,20260113,yes
67280,20260115,34.2,20260126,20251211,20260114,yes
141A0,20260116,54.9,20260128,20251212,20260115,new-style
55370,20260116,79.7,20260123,20251212,20260115,yes
45060,20260119,33.3,20260119,20251215,20260116,yes
485A0,20260119,160.2,20260407,20251215,20260116,new-style
98430,20260119,31.4,20260119,20251215,20260116,yes
57060,20260121,78.8,20260129,20251217,20260120,yes
69760,20260121,51.3,20260126,20251217,20260120,yes
66450,20260121,42.9,20260128,20251217,20260120,yes
66740,20260121,55.7,20260128,20251217,20260120,yes
88020,20260121,38.3,20260128,20251217,20260120,yes
268A0,20260122,64.3,20260204,20251218,20260121,new-style
77210,20260123,35.8,20260129,20251219,20260122,yes
58050,20260123,48.0,20260129,20251219,20260122,yes
67540,20260126,38.9,20260130,20251222,20260123,yes
40210,20260126,34.9,20260128,20251222,20260123,yes
63050,20260126,39.2,20260128,20251222,20260123,yes
68060,20260126,40.8,20260126,20251222,20260123,yes
69810,20260126,32.8,20260126,20251222,20260123,yes
77620,20260126,43.4,20260128,20251222,20260123,yes
57260,20260127,45.0,20260129,20251223,20260126,yes
70140,20260127,33.4,20260128,20251223,20260126,yes
51010,20260128,30.8,20260128,20251224,20260127,yes
67400,20260128,478.3,20260216,20251224,20260127,yes
57110,20260128,34.8,20260128,20251224,20260127,yes
18010,20260128,34.1,20260128,20251224,20260127,yes
19800,20260128,33.8,20260128,20251224,20260127,yes
402A0,20260128,38.7,20260128,20251224,20260127,new-style
40910,20260128,32.7,20260129,20251224,20260127,yes
58170,20260128,82.3,20260129,20251224,20260127,yes
61130,20260128,37.2,20260129,20251224,20260127,yes
64710,20260128,32.9,20260128,20251224,20260127,yes
65860,20260128,30.1,20260129,20251224,20260127,yes
63240,20260129,39.4,20260129,20251225,20260128,yes
16620,20260129,40.8,20260129,20251225,20260128,yes
53440,20260129,32.8,20260129,20251225,20260128,yes
65920,20260129,31.8,20260129,20251225,20260128,yes
79360,20260129,30.0,20260129,20251225,20260128,yes
57270,20260202,54.7,20260209,20251229,20260130,yes
62270,20260202,147.7,20260204,20251229,20260130,yes
69460,20260203,36.2,20260203,20251230,20260202,yes
60810,20260203,45.5,20260203,20251230,20260202,yes
61660,20260203,38.5,20260203,20251230,20260202,yes
21600,20260204,48.1,20260209,20260105,20260203,yes
62320,20260204,53.0,20260213,20260105,20260203,yes
69630,20260205,39.7,20260205,20260106,20260204,yes
36560,20260206,37.8,20260209,20260107,20260205,yes
16050,20260217,33.0,20260226,20260116,20260216,yes
91040,20260217,36.1,20260217,20260116,20260216,yes
39940,20260224,72.0,20260324,20260122,20260220,yes
38530,20260224,32.7,20260224,20260122,20260220,yes
94680,20260224,33.2,20260226,20260122,20260220,yes
66130,20260302,117.6,20260422,20260128,20260227,yes
285A0,20260310,114.4,20260501,20260205,20260309,new-style
464A0,20260310,36.7,20260312,20260205,20260309,new-style
58030,20260312,56.4,20260408,20260209,20260311,yes
63230,20260312,55.5,20260330,20260209,20260311,yes
186A0,20260312,120.9,20260427,20260209,20260311,new-style
19630,20260312,31.1,20260316,20260209,20260311,yes
31100,20260313,56.0,20260403,20260210,20260312,yes
34360,20260313,104.9,20260407,20260210,20260312,yes
31030,20260313,182.2,20260323,20260210,20260312,yes
65250,20260316,47.4,20260406,20260212,20260313,yes
69760,20260316,176.5,20260512,20260212,20260313,yes
66740,20260316,35.8,20260323,20260212,20260313,yes
60720,20260318,50.8,20260324,20260216,20260317,yes
62540,20260319,47.0,20260407,20260217,20260318,yes
37780,20260319,46.8,20260324,20260217,20260318,yes
41800,20260319,37.7,20260323,20260217,20260318,yes
67770,20260319,73.8,20260331,20260217,20260318,yes
77770,20260323,40.8,20260323,20260218,20260319,yes
99840,20260323,78.0,20260403,20260218,20260319,yes
50160,20260323,53.5,20260407,20260218,20260319,yes
69200,20260323,39.7,20260324,20260218,20260319,yes
67540,20260323,45.1,20260331,20260218,20260319,yes
45880,20260323,33.4,20260331,20260218,20260319,yes
68340,20260323,45.8,20260324,20260218,20260319,yes
64070,20260323,37.5,20260331,20260218,20260319,yes
64330,20260323,52.8,20260323,20260218,20260319,yes
67230,20260323,59.5,20260403,20260218,20260319,yes
57410,20260323,36.5,20260323,20260218,20260319,yes
69810,20260323,116.7,20260428,20260218,20260319,yes
53440,20260323,40.0,20260331,20260218,20260319,yes
31050,20260323,42.2,20260331,20260218,20260319,yes
42590,20260323,30.3,20260323,20260218,20260319,yes
429A0,20260323,55.3,20260406,20260218,20260319,new-style
67030,20260323,40.1,20260323,20260218,20260319,yes
72200,20260323,129.2,20260501,20260218,20260319,yes
77940,20260323,41.6,20260324,20260218,20260319,yes
40620,20260324,101.0,20260420,20260219,20260323,yes
69410,20260324,36.3,20260331,20260219,20260323,yes
53810,20260324,40.8,20260331,20260219,20260323,yes
40040,20260325,45.9,20260421,20260220,20260324,yes
65320,20260325,32.1,20260325,20260220,20260324,yes
23710,20260326,73.6,20260413,20260224,20260325,yes
68570,20260327,50.5,20260330,20260225,20260326,yes
49710,20260327,53.9,20260403,20260225,20260326,yes
69610,20260327,42.1,20260331,20260225,20260326,yes
57060,20260330,62.4,20260407,20260226,20260327,yes
68710,20260330,41.7,20260331,20260226,20260327,yes
65060,20260330,51.5,20260407,20260226,20260327,yes
52140,20260330,38.4,20260331,20260226,20260327,yes
67620,20260330,53.3,20260428,20260226,20260327,yes
68610,20260330,44.3,20260406,20260226,20260327,yes
69540,20260330,37.4,20260407,20260226,20260327,yes
99620,20260330,30.2,20260330,20260226,20260327,yes
67870,20260331,58.9,20260420,20260227,20260330,yes
77290,20260331,34.4,20260407,20260227,20260330,yes
65070,20260331,34.6,20260331,20260227,20260330,yes
63240,20260331,83.8,20260423,20260227,20260330,yes
61340,20260331,45.1,20260413,20260227,20260330,yes
62680,20260331,34.9,20260407,20260227,20260330,yes
66220,20260331,41.2,20260407,20260227,20260330,yes
62320,20260401,132.7,20260407,20260302,20260331,yes
278A0,20260401,289.1,20260407,20260302,20260331,new-style
40220,20260401,55.8,20260407,20260302,20260331,yes
60850,20260401,138.8,20260407,20260302,20260331,yes
62350,20260401,71.7,20260403,20260302,20260331,yes
65240,20260401,64.2,20260407,20260302,20260331,yes
63150,20260402,48.1,20260407,20260303,20260401,yes
50740,20260402,93.2,20260422,20260303,20260401,yes
65040,20260403,47.3,20260422,20260304,20260402,yes
80350,20260403,36.7,20260406,20260304,20260402,yes
59850,20260403,52.3,20260407,20260304,20260402,yes
58050,20260403,35.2,20260409,20260304,20260402,yes
68550,20260403,36.8,20260407,20260304,20260402,yes
68900,20260403,47.6,20260407,20260304,20260402,yes
66450,20260403,38.6,20260406,20260304,20260402,yes
61410,20260403,54.0,20260407,20260304,20260402,yes
78260,20260403,51.9,20260410,20260304,20260402,yes
53320,20260406,42.9,20260427,20260305,20260403,yes
402A0,20260406,47.5,20260424,20260305,20260403,new-style
53330,20260406,41.4,20260422,20260305,20260403,yes
61030,20260406,31.4,20260407,20260305,20260403,yes
62730,20260406,33.4,20260406,20260305,20260403,yes
64810,20260406,41.3,20260408,20260305,20260403,yes
65210,20260406,52.6,20260407,20260305,20260403,yes
41860,20260407,44.1,20260407,20260306,20260406,yes
61130,20260407,31.0,20260407,20260306,20260406,yes
31320,20260407,42.3,20260414,20260306,20260406,yes
64790,20260407,57.0,20260501,20260306,20260406,yes
43680,20260408,55.8,20260423,20260309,20260407,yes
53010,20260408,76.1,20260428,20260309,20260407,yes
94120,20260409,44.7,20260427,20260310,20260408,yes
49800,20260410,84.5,20260428,20260311,20260409,yes
62780,20260410,48.5,20260501,20260311,20260409,yes
65260,20260413,56.7,20260501,20260312,20260410,yes
65080,20260413,38.2,20260422,20260312,20260410,yes
69650,20260413,52.8,20260421,20260312,20260410,yes
464A0,20260415,69.2,20260424,20260316,20260414,new-style
60980,20260415,48.5,20260430,20260316,20260414,yes
38530,20260420,61.3,20260422,20260319,20260417,yes
42030,20260420,31.1,20260420,20260319,20260417,yes
290A0,20260421,50.8,20260424,20260323,20260420,new-style
69630,20260421,61.1,20260501,20260323,20260420,yes
67240,20260421,48.1,20260501,20260323,20260420,yes
44610,20260422,40.5,20260427,20260324,20260421,yes
46310,20260422,38.3,20260430,20260324,20260421,yes
63560,20260422,41.9,20260422,20260324,20260421,yes
91470,20260422,38.0,20260423,20260324,20260421,yes
40430,20260423,39.9,20260428,20260325,20260422,yes
72110,20260424,30.2,20260424,20260326,20260423,yes
68060,20260427,31.5,20260501,20260327,20260424,yes
44430,20260427,40.4,20260430,20260327,20260424,yes
69710,20260427,38.8,20260501,20260327,20260424,yes
60720,20260428,80.0,20260501,20260330,20260427,yes
52010,20260430,47.5,20260501,20260331,20260428,yes
59910,20260501,43.0,20260501,20260401,20260430,yes
58020,20260501,41.1,20260501,20260401,20260430,yes
43690,20260501,33.7,20260501,20260401,20260430,yes
77620,20260501,31.2,20260501,20260401,20260430,yes
40880,20260501,31.4,20260501,20260401,20260430,yes
61010,20260501,35.8,20260501,20260401,20260430,yes
67790,20260501,120.8,20260501,20260401,20260430,yes
69970,20260501,89.2,20260521,20260401,20260430,yes
74190,20260507,30.9,20260507,20260402,20260501,yes
25850,20260511,39.0,20260513,20260406,20260508,yes
65250,20260515,55.4,20260608,20260410,20260514,yes
80350,20260515,57.6,20260520,20260410,20260514,yes
61460,20260518,36.5,20260520,20260413,20260515,yes
77350,20260518,59.8,20260528,20260413,20260515,yes
42080,20260518,33.7,20260519,20260413,20260515,yes
63870,20260519,48.5,20260520,20260414,20260518,yes
69200,20260520,48.3,20260521,20260415,20260519,yes
63230,20260520,30.6,20260520,20260415,20260519,yes
63610,20260520,32.9,20260521,20260415,20260519,yes
45880,20260520,31.9,20260520,20260415,20260519,yes
67520,20260520,31.0,20260520,20260415,20260519,yes
19610,20260521,40.0,20260525,20260416,20260520,yes
215A0,20260521,35.3,20260521,20260416,20260520,new-style
62640,20260521,41.2,20260603,20260416,20260520,yes
69410,20260525,30.8,20260525,20260420,20260522,yes
40220,20260525,30.1,20260525,20260420,20260522,yes
30860,20260525,61.1,20260602,20260420,20260522,yes
65220,20260527,40.2,20260527,20260422,20260526,yes
68570,20260528,36.3,20260528,20260423,20260527,yes
82330,20260528,31.0,20260528,20260423,20260527,yes
62270,20260528,31.0,20260528,20260423,20260527,yes
27370,20260528,34.5,20260528,20260423,20260527,yes
46800,20260528,35.1,20260608,20260423,20260527,yes
554A0,20260528,39.0,20260528,20260423,20260527,new-style
54710,20260601,38.4,20260601,20260427,20260529,yes
63270,20260601,106.3,20260605,20260427,20260529,yes
71730,20260601,36.0,20260601,20260427,20260529,yes
58030,20260602,36.4,20260602,20260428,20260601,yes
25010,20260602,30.1,20260602,20260428,20260601,yes
69660,20260605,31.3,20260605,20260507,20260604,yes
77210,20260608,31.9,20260608,20260508,20260605,yes
79110,20260608,31.9,20260610,20260508,20260605,yes
90240,20260608,35.1,20260608,20260508,20260605,yes
81360,20260609,37.9,20260616,20260511,20260608,yes
278A0,20260612,73.9,20260619,20260514,20260611,new-style
75810,20260618,45.9,20260619,20260520,20260617,yes
